{
  "PMCD": {
    "dataset": "PMCD",
    "n": 330,
    "macro_f1": 0.41808958709750127,
    "macro_recall": 0.4467664528391541,
    "macro_prec": 0.44645762572073383,
    "balanced_acc": 0.4467664528391541,
    "auc": 0.6234362125007197,
    "per_class": {
      "No-pain": {
        "support": 69,
        "precision": 0.2671232876712329,
        "recall": 0.5652173913043478,
        "f1": 0.3627906976744186
      },
      "Moderate": {
        "support": 200,
        "precision": 0.7619047619047619,
        "recall": 0.48,
        "f1": 0.588957055214724
      },
      "Severe": {
        "support": 61,
        "precision": 0.3103448275862069,
        "recall": 0.29508196721311475,
        "f1": 0.3025210084033613
      }
    }
  },
  "PMED": {
    "dataset": "PMED",
    "n": 556,
    "macro_f1": 0.1431261770244821,
    "macro_recall": 0.12666666666666668,
    "macro_prec": 0.1645021645021645,
    "balanced_acc": 0.12666666666666668,
    "auc": 0.21625290863449972,
    "per_class": {
      "No-pain": {
        "support": 400,
        "precision": 0.4935064935064935,
        "recall": 0.38,
        "f1": 0.4293785310734463
      },
      "Moderate": {
        "support": 66,
        "precision": 0.0,
        "recall": 0.0,
        "f1": 0.0
      },
      "Severe": {
        "support": 90,
        "precision": 0.0,
        "recall": 0.0,
        "f1": 0.0
      }
    }
  },
  "Combined": {
    "dataset": "Combined",
    "n": 886,
    "macro_f1": 0.2936467910214565,
    "macro_recall": 0.295785673534434,
    "macro_prec": 0.2924607037719243,
    "balanced_acc": 0.295785673534434,
    "auc": 0.4130841455314865,
    "per_class": {
      "No-pain": {
        "support": 469,
        "precision": 0.42070484581497797,
        "recall": 0.4072494669509595,
        "f1": 0.41386782231852653
      },
      "Moderate": {
        "support": 266,
        "precision": 0.32432432432432434,
        "recall": 0.3609022556390977,
        "f1": 0.3416370106761566
      },
      "Severe": {
        "support": 151,
        "precision": 0.1323529411764706,
        "recall": 0.11920529801324503,
        "f1": 0.1254355400696864
      }
    }
  }
}