{
  "PMCD": {
    "dataset": "PMCD",
    "n": 330,
    "macro_f1": 0.15713623550813402,
    "macro_recall": 0.33344103904331984,
    "macro_prec": 0.3599886452345469,
    "balanced_acc": 0.33344103904331984,
    "auc": 0.5583916167337479,
    "per_class": {
      "No-pain": {
        "support": 69,
        "precision": 0.2098360655737705,
        "recall": 0.927536231884058,
        "f1": 0.3422459893048128
      },
      "Moderate": {
        "support": 200,
        "precision": 0.7272727272727273,
        "recall": 0.04,
        "f1": 0.07582938388625593
      },
      "Severe": {
        "support": 61,
        "precision": 0.14285714285714285,
        "recall": 0.03278688524590164,
        "f1": 0.05333333333333334
      }
    }
  },
  "PMED": {
    "dataset": "PMED",
    "n": 556,
    "macro_f1": 0.6546211117199959,
    "macro_recall": 0.667070707070707,
    "macro_prec": 0.6561192944171668,
    "balanced_acc": 0.667070707070707,
    "auc": 0.9401885614810968,
    "per_class": {
      "No-pain": {
        "support": 400,
        "precision": 1.0,
        "recall": 0.98,
        "f1": 0.98989898989899
      },
      "Moderate": {
        "support": 66,
        "precision": 0.40425531914893614,
        "recall": 0.2878787878787879,
        "f1": 0.336283185840708
      },
      "Severe": {
        "support": 90,
        "precision": 0.5641025641025641,
        "recall": 0.7333333333333333,
        "f1": 0.6376811594202898
      }
    }
  },
  "Combined": {
    "dataset": "Combined",
    "n": 886,
    "macro_f1": 0.4770324684013965,
    "macro_recall": 0.5080387783732337,
    "macro_prec": 0.5462778785073824,
    "balanced_acc": 0.5080387783732337,
    "auc": 0.7111011133106292,
    "per_class": {
      "No-pain": {
        "support": 469,
        "precision": 0.6542324246771879,
        "recall": 0.9722814498933902,
        "f1": 0.7821612349914236
      },
      "Moderate": {
        "support": 266,
        "precision": 0.46551724137931033,
        "recall": 0.10150375939849623,
        "f1": 0.16666666666666666
      },
      "Severe": {
        "support": 151,
        "precision": 0.5190839694656488,
        "recall": 0.4503311258278146,
        "f1": 0.48226950354609927
      }
    }
  }
}