{
  "PMCD": {
    "dataset": "PMCD",
    "n": 330,
    "macro_f1": 0.46422132469497207,
    "macro_recall": 0.5153460837887067,
    "macro_prec": 0.5060012009541944,
    "balanced_acc": 0.5153460837887067,
    "auc": 0.6531518148114409,
    "per_class": {
      "No-pain": {
        "support": 69,
        "precision": 0.48936170212765956,
        "recall": 0.3333333333333333,
        "f1": 0.39655172413793105
      },
      "Moderate": {
        "support": 200,
        "precision": 0.7364341085271318,
        "recall": 0.475,
        "f1": 0.5775075987841946
      },
      "Severe": {
        "support": 61,
        "precision": 0.2922077922077922,
        "recall": 0.7377049180327869,
        "f1": 0.4186046511627907
      }
    }
  },
  "PMED": {
    "dataset": "PMED",
    "n": 556,
    "macro_f1": 0.17130406655643574,
    "macro_recall": 0.32351010101010097,
    "macro_prec": 0.32699119497868195,
    "balanced_acc": 0.32351010101010097,
    "auc": 0.4714097587614603,
    "per_class": {
      "No-pain": {
        "support": 400,
        "precision": 0.7297297297297297,
        "recall": 0.0675,
        "f1": 0.12356979405034325
      },
      "Moderate": {
        "support": 66,
        "precision": 0.15328467153284672,
        "recall": 0.6363636363636364,
        "f1": 0.24705882352941178
      },
      "Severe": {
        "support": 90,
        "precision": 0.09795918367346938,
        "recall": 0.26666666666666666,
        "f1": 0.14328358208955225
      }
    }
  },
  "Combined": {
    "dataset": "Combined",
    "n": 886,
    "macro_f1": 0.28043581150012437,
    "macro_recall": 0.35953368149047127,
    "macro_prec": 0.36937359942453324,
    "balanced_acc": 0.35953368149047127,
    "auc": 0.5099210818671619,
    "per_class": {
      "No-pain": {
        "support": 469,
        "precision": 0.5952380952380952,
        "recall": 0.10660980810234541,
        "f1": 0.18083182640144665
      },
      "Moderate": {
        "support": 266,
        "precision": 0.3399503722084367,
        "recall": 0.5150375939849624,
        "f1": 0.40956651718983555
      },
      "Severe": {
        "support": 151,
        "precision": 0.17293233082706766,
        "recall": 0.45695364238410596,
        "f1": 0.2509090909090909
      }
    }
  }
}