{
  "PMCD": {
    "dataset": "PMCD",
    "n": 1116,
    "macro_f1": 0.3282062160465118,
    "macro_recall": 0.3560446665569348,
    "macro_prec": 0.35809880758146706,
    "balanced_acc": 0.3560446665569348,
    "auc": 0.5215190032629137,
    "per_class": {
      "No-pain": {
        "support": 440,
        "precision": 0.4362745098039216,
        "recall": 0.20227272727272727,
        "f1": 0.27639751552795033
      },
      "Moderate": {
        "support": 562,
        "precision": 0.5272727272727272,
        "recall": 0.5676156583629893,
        "f1": 0.5467009425878321
      },
      "Severe": {
        "support": 114,
        "precision": 0.11074918566775244,
        "recall": 0.2982456140350877,
        "f1": 0.16152019002375298
      }
    }
  },
  "PMED": {
    "dataset": "PMED",
    "n": 768,
    "macro_f1": 0.39422281983264157,
    "macro_recall": 0.4010416666666667,
    "macro_prec": 0.41647314937749474,
    "balanced_acc": 0.4010416666666667,
    "auc": 0.5795402526855469,
    "per_class": {
      "No-pain": {
        "support": 256,
        "precision": 0.46621621621621623,
        "recall": 0.26953125,
        "f1": 0.3415841584158416
      },
      "Moderate": {
        "support": 256,
        "precision": 0.3641160949868074,
        "recall": 0.5390625,
        "f1": 0.4346456692913386
      },
      "Severe": {
        "support": 256,
        "precision": 0.4190871369294606,
        "recall": 0.39453125,
        "f1": 0.40643863179074446
      }
    }
  },
  "Combined": {
    "dataset": "Combined",
    "n": 1884,
    "macro_f1": 0.3676195236844558,
    "macro_recall": 0.38351868857306853,
    "macro_prec": 0.38654829854536105,
    "balanced_acc": 0.38351868857306853,
    "auc": 0.5582959819220564,
    "per_class": {
      "No-pain": {
        "support": 696,
        "precision": 0.44886363636363635,
        "recall": 0.22701149425287356,
        "f1": 0.3015267175572519
      },
      "Moderate": {
        "support": 818,
        "precision": 0.4644308943089431,
        "recall": 0.558679706601467,
        "f1": 0.5072142064372919
      },
      "Severe": {
        "support": 370,
        "precision": 0.24635036496350365,
        "recall": 0.36486486486486486,
        "f1": 0.29411764705882354
      }
    }
  }
}