{
  "PMCD": {
    "dataset": "PMCD",
    "n": 1116,
    "macro_f1": 0.457991601348893,
    "macro_recall": 0.4744547932972732,
    "macro_prec": 0.46286323529955586,
    "balanced_acc": 0.4744547932972732,
    "auc": 0.6604126961752318,
    "per_class": {
      "No-pain": {
        "support": 440,
        "precision": 0.49909584086799275,
        "recall": 0.6272727272727273,
        "f1": 0.5558912386706949
      },
      "Moderate": {
        "support": 562,
        "precision": 0.6625,
        "recall": 0.47153024911032027,
        "f1": 0.5509355509355509
      },
      "Severe": {
        "support": 114,
        "precision": 0.22699386503067484,
        "recall": 0.32456140350877194,
        "f1": 0.26714801444043323
      }
    }
  },
  "PMED": {
    "dataset": "PMED",
    "n": 768,
    "macro_f1": 0.32457634389875023,
    "macro_recall": 0.34375,
    "macro_prec": 0.339019622758379,
    "balanced_acc": 0.34375,
    "auc": 0.5181147257486979,
    "per_class": {
      "No-pain": {
        "support": 256,
        "precision": 0.3409090909090909,
        "recall": 0.46875,
        "f1": 0.39473684210526316
      },
      "Moderate": {
        "support": 256,
        "precision": 0.3550488599348534,
        "recall": 0.42578125,
        "f1": 0.3872113676731794
      },
      "Severe": {
        "support": 256,
        "precision": 0.3211009174311927,
        "recall": 0.13671875,
        "f1": 0.1917808219178082
      }
    }
  },
  "Combined": {
    "dataset": "Combined",
    "n": 1884,
    "macro_f1": 0.4031605623126167,
    "macro_recall": 0.40692427525746805,
    "macro_prec": 0.4104235666149836,
    "balanced_acc": 0.40692427525746805,
    "auc": 0.5905360715616391,
    "per_class": {
      "No-pain": {
        "support": 696,
        "precision": 0.4375690607734807,
        "recall": 0.5689655172413793,
        "f1": 0.4946908182386009
      },
      "Moderate": {
        "support": 818,
        "precision": 0.5289957567185289,
        "recall": 0.4572127139364303,
        "f1": 0.4904918032786885
      },
      "Severe": {
        "support": 370,
        "precision": 0.2647058823529412,
        "recall": 0.1945945945945946,
        "f1": 0.22429906542056074
      }
    }
  }
}